--
-- PostgreSQL database dump
--

-- Dumped from database version 12.15 (Ubuntu 12.15-0ubuntu0.20.04.1)
-- Dumped by pg_dump version 12.15 (Ubuntu 12.15-0ubuntu0.20.04.1)

SET statement_timeout = 0;
SET lock_timeout = 0;
SET idle_in_transaction_session_timeout = 0;
SET client_encoding = 'UTF8';
SET standard_conforming_strings = on;
SELECT pg_catalog.set_config('search_path', '', false);
SET check_function_bodies = false;
SET xmloption = content;
SET client_min_messages = warning;
SET row_security = off;

SET default_tablespace = '';

SET default_table_access_method = heap;

--
-- Name: auth_group; Type: TABLE; Schema: public; Owner: postgres
--

CREATE TABLE public.auth_group (
    id integer NOT NULL,
    name character varying(150) NOT NULL
);


ALTER TABLE public.auth_group OWNER TO postgres;

--
-- Name: auth_group_id_seq; Type: SEQUENCE; Schema: public; Owner: postgres
--

ALTER TABLE public.auth_group ALTER COLUMN id ADD GENERATED BY DEFAULT AS IDENTITY (
    SEQUENCE NAME public.auth_group_id_seq
    START WITH 1
    INCREMENT BY 1
    NO MINVALUE
    NO MAXVALUE
    CACHE 1
);


--
-- Name: auth_group_permissions; Type: TABLE; Schema: public; Owner: postgres
--

CREATE TABLE public.auth_group_permissions (
    id bigint NOT NULL,
    group_id integer NOT NULL,
    permission_id integer NOT NULL
);


ALTER TABLE public.auth_group_permissions OWNER TO postgres;

--
-- Name: auth_group_permissions_id_seq; Type: SEQUENCE; Schema: public; Owner: postgres
--

ALTER TABLE public.auth_group_permissions ALTER COLUMN id ADD GENERATED BY DEFAULT AS IDENTITY (
    SEQUENCE NAME public.auth_group_permissions_id_seq
    START WITH 1
    INCREMENT BY 1
    NO MINVALUE
    NO MAXVALUE
    CACHE 1
);


--
-- Name: auth_permission; Type: TABLE; Schema: public; Owner: postgres
--

CREATE TABLE public.auth_permission (
    id integer NOT NULL,
    name character varying(255) NOT NULL,
    content_type_id integer NOT NULL,
    codename character varying(100) NOT NULL
);


ALTER TABLE public.auth_permission OWNER TO postgres;

--
-- Name: auth_permission_id_seq; Type: SEQUENCE; Schema: public; Owner: postgres
--

ALTER TABLE public.auth_permission ALTER COLUMN id ADD GENERATED BY DEFAULT AS IDENTITY (
    SEQUENCE NAME public.auth_permission_id_seq
    START WITH 1
    INCREMENT BY 1
    NO MINVALUE
    NO MAXVALUE
    CACHE 1
);


--
-- Name: auth_user; Type: TABLE; Schema: public; Owner: postgres
--

CREATE TABLE public.auth_user (
    id integer NOT NULL,
    password character varying(128) NOT NULL,
    last_login timestamp with time zone,
    is_superuser boolean NOT NULL,
    username character varying(150) NOT NULL,
    first_name character varying(150) NOT NULL,
    last_name character varying(150) NOT NULL,
    email character varying(254) NOT NULL,
    is_staff boolean NOT NULL,
    is_active boolean NOT NULL,
    date_joined timestamp with time zone NOT NULL
);


ALTER TABLE public.auth_user OWNER TO postgres;

--
-- Name: auth_user_groups; Type: TABLE; Schema: public; Owner: postgres
--

CREATE TABLE public.auth_user_groups (
    id bigint NOT NULL,
    user_id integer NOT NULL,
    group_id integer NOT NULL
);


ALTER TABLE public.auth_user_groups OWNER TO postgres;

--
-- Name: auth_user_groups_id_seq; Type: SEQUENCE; Schema: public; Owner: postgres
--

ALTER TABLE public.auth_user_groups ALTER COLUMN id ADD GENERATED BY DEFAULT AS IDENTITY (
    SEQUENCE NAME public.auth_user_groups_id_seq
    START WITH 1
    INCREMENT BY 1
    NO MINVALUE
    NO MAXVALUE
    CACHE 1
);


--
-- Name: auth_user_id_seq; Type: SEQUENCE; Schema: public; Owner: postgres
--

ALTER TABLE public.auth_user ALTER COLUMN id ADD GENERATED BY DEFAULT AS IDENTITY (
    SEQUENCE NAME public.auth_user_id_seq
    START WITH 1
    INCREMENT BY 1
    NO MINVALUE
    NO MAXVALUE
    CACHE 1
);


--
-- Name: auth_user_user_permissions; Type: TABLE; Schema: public; Owner: postgres
--

CREATE TABLE public.auth_user_user_permissions (
    id bigint NOT NULL,
    user_id integer NOT NULL,
    permission_id integer NOT NULL
);


ALTER TABLE public.auth_user_user_permissions OWNER TO postgres;

--
-- Name: auth_user_user_permissions_id_seq; Type: SEQUENCE; Schema: public; Owner: postgres
--

ALTER TABLE public.auth_user_user_permissions ALTER COLUMN id ADD GENERATED BY DEFAULT AS IDENTITY (
    SEQUENCE NAME public.auth_user_user_permissions_id_seq
    START WITH 1
    INCREMENT BY 1
    NO MINVALUE
    NO MAXVALUE
    CACHE 1
);


--
-- Name: balances_operation; Type: TABLE; Schema: public; Owner: postgres
--

CREATE TABLE public.balances_operation (
    create_date timestamp with time zone NOT NULL,
    modified_date timestamp with time zone NOT NULL,
    operation integer NOT NULL,
    quantity integer NOT NULL,
    price numeric(8,4) NOT NULL,
    customer_id bigint NOT NULL,
    operation_type_id bigint NOT NULL,
    product_id bigint NOT NULL
);


ALTER TABLE public.balances_operation OWNER TO postgres;

--
-- Name: catalogs_category; Type: TABLE; Schema: public; Owner: postgres
--

CREATE TABLE public.catalogs_category (
    id bigint NOT NULL,
    create_date timestamp with time zone NOT NULL,
    modified_date timestamp with time zone NOT NULL,
    name character varying(128) NOT NULL,
    description text NOT NULL
);


ALTER TABLE public.catalogs_category OWNER TO postgres;

--
-- Name: catalogs_category_id_seq; Type: SEQUENCE; Schema: public; Owner: postgres
--

ALTER TABLE public.catalogs_category ALTER COLUMN id ADD GENERATED BY DEFAULT AS IDENTITY (
    SEQUENCE NAME public.catalogs_category_id_seq
    START WITH 1
    INCREMENT BY 1
    NO MINVALUE
    NO MAXVALUE
    CACHE 1
);


--
-- Name: catalogs_operationtype; Type: TABLE; Schema: public; Owner: postgres
--

CREATE TABLE public.catalogs_operationtype (
    id bigint NOT NULL,
    create_date timestamp with time zone NOT NULL,
    modified_date timestamp with time zone NOT NULL,
    name character varying(128) NOT NULL
);


ALTER TABLE public.catalogs_operationtype OWNER TO postgres;

--
-- Name: catalogs_operationtype_id_seq; Type: SEQUENCE; Schema: public; Owner: postgres
--

ALTER TABLE public.catalogs_operationtype ALTER COLUMN id ADD GENERATED BY DEFAULT AS IDENTITY (
    SEQUENCE NAME public.catalogs_operationtype_id_seq
    START WITH 1
    INCREMENT BY 1
    NO MINVALUE
    NO MAXVALUE
    CACHE 1
);


--
-- Name: customers_customer; Type: TABLE; Schema: public; Owner: postgres
--

CREATE TABLE public.customers_customer (
    id bigint NOT NULL,
    balance numeric(8,4) NOT NULL,
    customer_id integer NOT NULL
);


ALTER TABLE public.customers_customer OWNER TO postgres;

--
-- Name: customers_customer_id_seq; Type: SEQUENCE; Schema: public; Owner: postgres
--

ALTER TABLE public.customers_customer ALTER COLUMN id ADD GENERATED BY DEFAULT AS IDENTITY (
    SEQUENCE NAME public.customers_customer_id_seq
    START WITH 1
    INCREMENT BY 1
    NO MINVALUE
    NO MAXVALUE
    CACHE 1
);


--
-- Name: django_admin_log; Type: TABLE; Schema: public; Owner: postgres
--

CREATE TABLE public.django_admin_log (
    id integer NOT NULL,
    action_time timestamp with time zone NOT NULL,
    object_id text,
    object_repr character varying(200) NOT NULL,
    action_flag smallint NOT NULL,
    change_message text NOT NULL,
    content_type_id integer,
    user_id integer NOT NULL,
    CONSTRAINT django_admin_log_action_flag_check CHECK ((action_flag >= 0))
);


ALTER TABLE public.django_admin_log OWNER TO postgres;

--
-- Name: django_admin_log_id_seq; Type: SEQUENCE; Schema: public; Owner: postgres
--

ALTER TABLE public.django_admin_log ALTER COLUMN id ADD GENERATED BY DEFAULT AS IDENTITY (
    SEQUENCE NAME public.django_admin_log_id_seq
    START WITH 1
    INCREMENT BY 1
    NO MINVALUE
    NO MAXVALUE
    CACHE 1
);


--
-- Name: django_content_type; Type: TABLE; Schema: public; Owner: postgres
--

CREATE TABLE public.django_content_type (
    id integer NOT NULL,
    app_label character varying(100) NOT NULL,
    model character varying(100) NOT NULL
);


ALTER TABLE public.django_content_type OWNER TO postgres;

--
-- Name: django_content_type_id_seq; Type: SEQUENCE; Schema: public; Owner: postgres
--

ALTER TABLE public.django_content_type ALTER COLUMN id ADD GENERATED BY DEFAULT AS IDENTITY (
    SEQUENCE NAME public.django_content_type_id_seq
    START WITH 1
    INCREMENT BY 1
    NO MINVALUE
    NO MAXVALUE
    CACHE 1
);


--
-- Name: django_migrations; Type: TABLE; Schema: public; Owner: postgres
--

CREATE TABLE public.django_migrations (
    id bigint NOT NULL,
    app character varying(255) NOT NULL,
    name character varying(255) NOT NULL,
    applied timestamp with time zone NOT NULL
);


ALTER TABLE public.django_migrations OWNER TO postgres;

--
-- Name: django_migrations_id_seq; Type: SEQUENCE; Schema: public; Owner: postgres
--

ALTER TABLE public.django_migrations ALTER COLUMN id ADD GENERATED BY DEFAULT AS IDENTITY (
    SEQUENCE NAME public.django_migrations_id_seq
    START WITH 1
    INCREMENT BY 1
    NO MINVALUE
    NO MAXVALUE
    CACHE 1
);


--
-- Name: django_session; Type: TABLE; Schema: public; Owner: postgres
--

CREATE TABLE public.django_session (
    session_key character varying(40) NOT NULL,
    session_data text NOT NULL,
    expire_date timestamp with time zone NOT NULL
);


ALTER TABLE public.django_session OWNER TO postgres;

--
-- Name: products_product; Type: TABLE; Schema: public; Owner: postgres
--

CREATE TABLE public.products_product (
    id bigint NOT NULL,
    create_date timestamp with time zone NOT NULL,
    modified_date timestamp with time zone NOT NULL,
    name character varying(128) NOT NULL,
    description text NOT NULL,
    price numeric(8,2) NOT NULL,
    stock integer NOT NULL,
    category_id bigint NOT NULL
);


ALTER TABLE public.products_product OWNER TO postgres;

--
-- Name: products_product_id_seq; Type: SEQUENCE; Schema: public; Owner: postgres
--

ALTER TABLE public.products_product ALTER COLUMN id ADD GENERATED BY DEFAULT AS IDENTITY (
    SEQUENCE NAME public.products_product_id_seq
    START WITH 1
    INCREMENT BY 1
    NO MINVALUE
    NO MAXVALUE
    CACHE 1
);


--
-- Data for Name: auth_group; Type: TABLE DATA; Schema: public; Owner: postgres
--

COPY public.auth_group (id, name) FROM stdin;
\.


--
-- Data for Name: auth_group_permissions; Type: TABLE DATA; Schema: public; Owner: postgres
--

COPY public.auth_group_permissions (id, group_id, permission_id) FROM stdin;
\.


--
-- Data for Name: auth_permission; Type: TABLE DATA; Schema: public; Owner: postgres
--

COPY public.auth_permission (id, name, content_type_id, codename) FROM stdin;
1	Can add log entry	1	add_logentry
2	Can change log entry	1	change_logentry
3	Can delete log entry	1	delete_logentry
4	Can view log entry	1	view_logentry
5	Can add permission	2	add_permission
6	Can change permission	2	change_permission
7	Can delete permission	2	delete_permission
8	Can view permission	2	view_permission
9	Can add group	3	add_group
10	Can change group	3	change_group
11	Can delete group	3	delete_group
12	Can view group	3	view_group
13	Can add user	4	add_user
14	Can change user	4	change_user
15	Can delete user	4	delete_user
16	Can view user	4	view_user
17	Can add content type	5	add_contenttype
18	Can change content type	5	change_contenttype
19	Can delete content type	5	delete_contenttype
20	Can view content type	5	view_contenttype
21	Can add session	6	add_session
22	Can change session	6	change_session
23	Can delete session	6	delete_session
24	Can view session	6	view_session
25	Can add customer	7	add_customer
26	Can change customer	7	change_customer
27	Can delete customer	7	delete_customer
28	Can view customer	7	view_customer
29	Can add Category	8	add_category
30	Can change Category	8	change_category
31	Can delete Category	8	delete_category
32	Can view Category	8	view_category
33	Can add Type of Transaction	9	add_operationtype
34	Can change Type of Transaction	9	change_operationtype
35	Can delete Type of Transaction	9	delete_operationtype
36	Can view Type of Transaction	9	view_operationtype
37	Can add Product	10	add_product
38	Can change Product	10	change_product
39	Can delete Product	10	delete_product
40	Can view Product	10	view_product
41	Can add Operation register	11	add_operation
42	Can change Operation register	11	change_operation
43	Can delete Operation register	11	delete_operation
44	Can view Operation register	11	view_operation
\.


--
-- Data for Name: auth_user; Type: TABLE DATA; Schema: public; Owner: postgres
--

COPY public.auth_user (id, password, last_login, is_superuser, username, first_name, last_name, email, is_staff, is_active, date_joined) FROM stdin;
2	pbkdf2_sha256$600000$NmfHIh3ciq1BEwevsaSHh1$/HiKT7wtyMIYw3NL/PyliDTra59ESxl8wnOOOvmv8Tc=	\N	f	customer1	customer	one	customer@one.com	f	t	2023-06-07 02:50:45.588586-06
3	pbkdf2_sha256$600000$rXFEoV1CJPfaBvTXgPGFdA$iknG4XU97Wj7qqW55Pown68/76hyRlB7Ej8Q3tq80Hc=	\N	f	customer2	customer	two	customer@two.com	f	t	2023-06-07 02:50:46.034719-06
4	pbkdf2_sha256$600000$m6lRpxlNFffelelpn9m1j3$g2C17Fj59AJIgxRmeL8oPQ+QkdxXZnPbKfKvA4xSTDA=	\N	f	customer3	customer	three	customer@three.com	f	t	2023-06-07 02:50:46.414911-06
5	pbkdf2_sha256$600000$iiaqK9KzCrpXTGQ6sAo4hf$quYr2ndvsOkvJVNJrLQ3RPppVxTSBJg5LwoMuiivMYo=	2023-06-07 22:10:04.271086-06	t	superduperadmin	Super	Admin	superduper@admin.com	t	t	2023-06-07 03:10:18-06
\.


--
-- Data for Name: auth_user_groups; Type: TABLE DATA; Schema: public; Owner: postgres
--

COPY public.auth_user_groups (id, user_id, group_id) FROM stdin;
\.


--
-- Data for Name: auth_user_user_permissions; Type: TABLE DATA; Schema: public; Owner: postgres
--

COPY public.auth_user_user_permissions (id, user_id, permission_id) FROM stdin;
\.


--
-- Data for Name: balances_operation; Type: TABLE DATA; Schema: public; Owner: postgres
--

COPY public.balances_operation (create_date, modified_date, operation, quantity, price, customer_id, operation_type_id, product_id) FROM stdin;
2023-06-07 18:16:42.446643-06	2023-06-07 18:16:42.44667-06	1	1	999.0000	5	1	3
2023-06-07 18:25:58.028594-06	2023-06-07 18:25:58.028619-06	2	1	2.0000	5	2	3
2023-06-07 18:29:13.016753-06	2023-06-07 18:29:13.016775-06	3	1	2.0000	5	2	3
2023-06-07 18:29:28.57562-06	2023-06-07 18:29:28.575637-06	4	1	2.0000	5	2	3
\.


--
-- Data for Name: catalogs_category; Type: TABLE DATA; Schema: public; Owner: postgres
--

COPY public.catalogs_category (id, create_date, modified_date, name, description) FROM stdin;
1	2023-06-07 03:02:11.339325-06	2023-06-07 03:02:11.339354-06	Abarrotes	Department abarrotes
2	2023-06-07 03:02:11.342094-06	2023-06-07 03:02:11.342109-06	Farmacia	Department farmacia
3	2023-06-07 03:02:11.343918-06	2023-06-07 03:02:11.343939-06	Electrónica	Department electrónica
\.


--
-- Data for Name: catalogs_operationtype; Type: TABLE DATA; Schema: public; Owner: postgres
--

COPY public.catalogs_operationtype (id, create_date, modified_date, name) FROM stdin;
2	2023-06-07 03:02:11.347687-06	2023-06-07 14:42:54.033827-06	Sale
1	2023-06-07 03:02:11.345771-06	2023-06-07 14:43:10.126116-06	Purchase
\.


--
-- Data for Name: customers_customer; Type: TABLE DATA; Schema: public; Owner: postgres
--

COPY public.customers_customer (id, balance, customer_id) FROM stdin;
1	1000.0000	2
2	1000.0000	3
3	1000.0000	4
5	1000.0000	5
\.


--
-- Data for Name: django_admin_log; Type: TABLE DATA; Schema: public; Owner: postgres
--

COPY public.django_admin_log (id, action_time, object_id, object_repr, action_flag, change_message, content_type_id, user_id) FROM stdin;
1	2023-06-07 14:42:54.037261-06	2	Sale	2	[{"changed": {"fields": ["Type of transaction"]}}]	9	5
2	2023-06-07 14:43:10.129351-06	1	Purchase	2	[{"changed": {"fields": ["Type of transaction"]}}]	9	5
3	2023-06-07 18:43:58.631481-06	5	jacp	2	[{"changed": {"fields": ["password"]}}]	4	5
4	2023-06-07 22:04:47.294268-06	5	superduperadmin	2	[{"changed": {"fields": ["Username", "First name", "Last name", "Email address"]}}]	4	5
5	2023-06-07 22:05:14.915487-06	6	pedropicapiedra	3		4	5
6	2023-06-07 22:05:25.180962-06	1	superadmin	3		4	5
7	2023-06-07 22:06:06.613682-06	5	superduperadmin	2	[{"changed": {"fields": ["password"]}}]	4	5
\.


--
-- Data for Name: django_content_type; Type: TABLE DATA; Schema: public; Owner: postgres
--

COPY public.django_content_type (id, app_label, model) FROM stdin;
1	admin	logentry
2	auth	permission
3	auth	group
4	auth	user
5	contenttypes	contenttype
6	sessions	session
7	customers	customer
8	catalogs	category
9	catalogs	operationtype
10	products	product
11	balances	operation
\.


--
-- Data for Name: django_migrations; Type: TABLE DATA; Schema: public; Owner: postgres
--

COPY public.django_migrations (id, app, name, applied) FROM stdin;
1	contenttypes	0001_initial	2023-06-07 02:11:58.397394-06
2	auth	0001_initial	2023-06-07 02:11:58.535278-06
3	admin	0001_initial	2023-06-07 02:11:58.567649-06
4	admin	0002_logentry_remove_auto_add	2023-06-07 02:11:58.577815-06
5	admin	0003_logentry_add_action_flag_choices	2023-06-07 02:11:58.587618-06
6	contenttypes	0002_remove_content_type_name	2023-06-07 02:11:58.610677-06
7	auth	0002_alter_permission_name_max_length	2023-06-07 02:11:58.619605-06
8	auth	0003_alter_user_email_max_length	2023-06-07 02:11:58.630614-06
9	auth	0004_alter_user_username_opts	2023-06-07 02:11:58.642676-06
10	auth	0005_alter_user_last_login_null	2023-06-07 02:11:58.651646-06
11	auth	0006_require_contenttypes_0002	2023-06-07 02:11:58.654902-06
12	auth	0007_alter_validators_add_error_messages	2023-06-07 02:11:58.666502-06
13	auth	0008_alter_user_username_max_length	2023-06-07 02:11:58.683388-06
14	auth	0009_alter_user_last_name_max_length	2023-06-07 02:11:58.693802-06
15	auth	0010_alter_group_name_max_length	2023-06-07 02:11:58.705711-06
16	auth	0011_update_proxy_permissions	2023-06-07 02:11:58.717483-06
17	auth	0012_alter_user_first_name_max_length	2023-06-07 02:11:58.729932-06
18	customers	0001_initial	2023-06-07 02:11:58.746652-06
19	sessions	0001_initial	2023-06-07 02:11:58.766568-06
20	catalogs	0001_initial	2023-06-07 02:15:04.03169-06
21	products	0001_initial	2023-06-07 02:17:53.842904-06
22	balances	0001_initial	2023-06-07 02:20:10.821446-06
\.


--
-- Data for Name: django_session; Type: TABLE DATA; Schema: public; Owner: postgres
--

COPY public.django_session (session_key, session_data, expire_date) FROM stdin;
t01y3uev7dkhzxvcypof3op6c9bh8oc0	.eJxVjEEOwiAQRe_C2hCBzkBduu8ZyMCAVA0kpV0Z765NutDtf-_9l_C0rcVvPS1-ZnERIE6_W6D4SHUHfKd6azK2ui5zkLsiD9rl1Dg9r4f7d1Col2-t2A0GAo0jmsjBoIaMA5wTKGZrQ86MxinjELUCPRhtE4HOCDaQUyDeH8zrNvI:1q6pLi:9Jf-vft-JR9KnqeyJOc06TyN7RcsYafuaUOIZzeNjY0	2023-06-21 03:21:02.377532-06
pl3l9hvetmxdigbs0u8tha0don5jjtds	.eJxVjMsOwiAURP-FtSFwIUhduvcbyH2AVA1NSrsy_rtt0oWuJplzZt4q4brUtPY8p1HURQV1-u0I-ZnbDuSB7T5pntoyj6R3RR-069sk-XU93L-Dir1ua4NMllgsO9jSAzuOMRvKBGGIEc4cDXhwWBiC8cWa4gYxKJYgWlafL_hNOAc:1q74Zg:CgbA3qmj-fKU42d9Cc1VWYli14niTYmAp-1p_oLq2mI	2023-06-21 19:36:28.725733-06
\.


--
-- Data for Name: products_product; Type: TABLE DATA; Schema: public; Owner: postgres
--

COPY public.products_product (id, create_date, modified_date, name, description, price, stock, category_id) FROM stdin;
1	2023-06-07 03:05:48.102336-06	2023-06-07 03:05:55.688915-06	Limon	limon abarrotes	5.00	1	1
2	2023-06-07 03:06:38.264416-06	2023-06-07 03:06:38.264431-06	Ipad	electronic	50.00	0	3
3	2023-06-07 03:07:07.492678-06	2023-06-07 03:07:07.492695-06	Paracetamol	medicinas	2.00	198	2
4	2023-06-07 22:01:25.35596-06	2023-06-07 22:01:25.355981-06	Manzana	manzana	2.00	5	1
5	2023-06-07 22:01:25.39841-06	2023-06-07 22:01:25.398427-06	Pera	Pera	3.00	10	1
6	2023-06-07 22:01:25.40188-06	2023-06-07 22:01:25.401897-06	Uva	Uva	12.00	13	1
\.


--
-- Name: auth_group_id_seq; Type: SEQUENCE SET; Schema: public; Owner: postgres
--

SELECT pg_catalog.setval('public.auth_group_id_seq', 1, false);


--
-- Name: auth_group_permissions_id_seq; Type: SEQUENCE SET; Schema: public; Owner: postgres
--

SELECT pg_catalog.setval('public.auth_group_permissions_id_seq', 1, false);


--
-- Name: auth_permission_id_seq; Type: SEQUENCE SET; Schema: public; Owner: postgres
--

SELECT pg_catalog.setval('public.auth_permission_id_seq', 44, true);


--
-- Name: auth_user_groups_id_seq; Type: SEQUENCE SET; Schema: public; Owner: postgres
--

SELECT pg_catalog.setval('public.auth_user_groups_id_seq', 1, false);


--
-- Name: auth_user_id_seq; Type: SEQUENCE SET; Schema: public; Owner: postgres
--

SELECT pg_catalog.setval('public.auth_user_id_seq', 6, true);


--
-- Name: auth_user_user_permissions_id_seq; Type: SEQUENCE SET; Schema: public; Owner: postgres
--

SELECT pg_catalog.setval('public.auth_user_user_permissions_id_seq', 1, false);


--
-- Name: catalogs_category_id_seq; Type: SEQUENCE SET; Schema: public; Owner: postgres
--

SELECT pg_catalog.setval('public.catalogs_category_id_seq', 3, true);


--
-- Name: catalogs_operationtype_id_seq; Type: SEQUENCE SET; Schema: public; Owner: postgres
--

SELECT pg_catalog.setval('public.catalogs_operationtype_id_seq', 2, true);


--
-- Name: customers_customer_id_seq; Type: SEQUENCE SET; Schema: public; Owner: postgres
--

SELECT pg_catalog.setval('public.customers_customer_id_seq', 6, true);


--
-- Name: django_admin_log_id_seq; Type: SEQUENCE SET; Schema: public; Owner: postgres
--

SELECT pg_catalog.setval('public.django_admin_log_id_seq', 7, true);


--
-- Name: django_content_type_id_seq; Type: SEQUENCE SET; Schema: public; Owner: postgres
--

SELECT pg_catalog.setval('public.django_content_type_id_seq', 11, true);


--
-- Name: django_migrations_id_seq; Type: SEQUENCE SET; Schema: public; Owner: postgres
--

SELECT pg_catalog.setval('public.django_migrations_id_seq', 22, true);


--
-- Name: products_product_id_seq; Type: SEQUENCE SET; Schema: public; Owner: postgres
--

SELECT pg_catalog.setval('public.products_product_id_seq', 6, true);


--
-- Name: auth_group auth_group_name_key; Type: CONSTRAINT; Schema: public; Owner: postgres
--

ALTER TABLE ONLY public.auth_group
    ADD CONSTRAINT auth_group_name_key UNIQUE (name);


--
-- Name: auth_group_permissions auth_group_permissions_group_id_permission_id_0cd325b0_uniq; Type: CONSTRAINT; Schema: public; Owner: postgres
--

ALTER TABLE ONLY public.auth_group_permissions
    ADD CONSTRAINT auth_group_permissions_group_id_permission_id_0cd325b0_uniq UNIQUE (group_id, permission_id);


--
-- Name: auth_group_permissions auth_group_permissions_pkey; Type: CONSTRAINT; Schema: public; Owner: postgres
--

ALTER TABLE ONLY public.auth_group_permissions
    ADD CONSTRAINT auth_group_permissions_pkey PRIMARY KEY (id);


--
-- Name: auth_group auth_group_pkey; Type: CONSTRAINT; Schema: public; Owner: postgres
--

ALTER TABLE ONLY public.auth_group
    ADD CONSTRAINT auth_group_pkey PRIMARY KEY (id);


--
-- Name: auth_permission auth_permission_content_type_id_codename_01ab375a_uniq; Type: CONSTRAINT; Schema: public; Owner: postgres
--

ALTER TABLE ONLY public.auth_permission
    ADD CONSTRAINT auth_permission_content_type_id_codename_01ab375a_uniq UNIQUE (content_type_id, codename);


--
-- Name: auth_permission auth_permission_pkey; Type: CONSTRAINT; Schema: public; Owner: postgres
--

ALTER TABLE ONLY public.auth_permission
    ADD CONSTRAINT auth_permission_pkey PRIMARY KEY (id);


--
-- Name: auth_user_groups auth_user_groups_pkey; Type: CONSTRAINT; Schema: public; Owner: postgres
--

ALTER TABLE ONLY public.auth_user_groups
    ADD CONSTRAINT auth_user_groups_pkey PRIMARY KEY (id);


--
-- Name: auth_user_groups auth_user_groups_user_id_group_id_94350c0c_uniq; Type: CONSTRAINT; Schema: public; Owner: postgres
--

ALTER TABLE ONLY public.auth_user_groups
    ADD CONSTRAINT auth_user_groups_user_id_group_id_94350c0c_uniq UNIQUE (user_id, group_id);


--
-- Name: auth_user auth_user_pkey; Type: CONSTRAINT; Schema: public; Owner: postgres
--

ALTER TABLE ONLY public.auth_user
    ADD CONSTRAINT auth_user_pkey PRIMARY KEY (id);


--
-- Name: auth_user_user_permissions auth_user_user_permissions_pkey; Type: CONSTRAINT; Schema: public; Owner: postgres
--

ALTER TABLE ONLY public.auth_user_user_permissions
    ADD CONSTRAINT auth_user_user_permissions_pkey PRIMARY KEY (id);


--
-- Name: auth_user_user_permissions auth_user_user_permissions_user_id_permission_id_14a6b632_uniq; Type: CONSTRAINT; Schema: public; Owner: postgres
--

ALTER TABLE ONLY public.auth_user_user_permissions
    ADD CONSTRAINT auth_user_user_permissions_user_id_permission_id_14a6b632_uniq UNIQUE (user_id, permission_id);


--
-- Name: auth_user auth_user_username_key; Type: CONSTRAINT; Schema: public; Owner: postgres
--

ALTER TABLE ONLY public.auth_user
    ADD CONSTRAINT auth_user_username_key UNIQUE (username);


--
-- Name: balances_operation balances_operation_pkey; Type: CONSTRAINT; Schema: public; Owner: postgres
--

ALTER TABLE ONLY public.balances_operation
    ADD CONSTRAINT balances_operation_pkey PRIMARY KEY (operation);


--
-- Name: catalogs_category catalogs_category_pkey; Type: CONSTRAINT; Schema: public; Owner: postgres
--

ALTER TABLE ONLY public.catalogs_category
    ADD CONSTRAINT catalogs_category_pkey PRIMARY KEY (id);


--
-- Name: catalogs_operationtype catalogs_operationtype_pkey; Type: CONSTRAINT; Schema: public; Owner: postgres
--

ALTER TABLE ONLY public.catalogs_operationtype
    ADD CONSTRAINT catalogs_operationtype_pkey PRIMARY KEY (id);


--
-- Name: customers_customer customers_customer_customer_id_key; Type: CONSTRAINT; Schema: public; Owner: postgres
--

ALTER TABLE ONLY public.customers_customer
    ADD CONSTRAINT customers_customer_customer_id_key UNIQUE (customer_id);


--
-- Name: customers_customer customers_customer_pkey; Type: CONSTRAINT; Schema: public; Owner: postgres
--

ALTER TABLE ONLY public.customers_customer
    ADD CONSTRAINT customers_customer_pkey PRIMARY KEY (id);


--
-- Name: django_admin_log django_admin_log_pkey; Type: CONSTRAINT; Schema: public; Owner: postgres
--

ALTER TABLE ONLY public.django_admin_log
    ADD CONSTRAINT django_admin_log_pkey PRIMARY KEY (id);


--
-- Name: django_content_type django_content_type_app_label_model_76bd3d3b_uniq; Type: CONSTRAINT; Schema: public; Owner: postgres
--

ALTER TABLE ONLY public.django_content_type
    ADD CONSTRAINT django_content_type_app_label_model_76bd3d3b_uniq UNIQUE (app_label, model);


--
-- Name: django_content_type django_content_type_pkey; Type: CONSTRAINT; Schema: public; Owner: postgres
--

ALTER TABLE ONLY public.django_content_type
    ADD CONSTRAINT django_content_type_pkey PRIMARY KEY (id);


--
-- Name: django_migrations django_migrations_pkey; Type: CONSTRAINT; Schema: public; Owner: postgres
--

ALTER TABLE ONLY public.django_migrations
    ADD CONSTRAINT django_migrations_pkey PRIMARY KEY (id);


--
-- Name: django_session django_session_pkey; Type: CONSTRAINT; Schema: public; Owner: postgres
--

ALTER TABLE ONLY public.django_session
    ADD CONSTRAINT django_session_pkey PRIMARY KEY (session_key);


--
-- Name: products_product products_product_pkey; Type: CONSTRAINT; Schema: public; Owner: postgres
--

ALTER TABLE ONLY public.products_product
    ADD CONSTRAINT products_product_pkey PRIMARY KEY (id);


--
-- Name: auth_group_name_a6ea08ec_like; Type: INDEX; Schema: public; Owner: postgres
--

CREATE INDEX auth_group_name_a6ea08ec_like ON public.auth_group USING btree (name varchar_pattern_ops);


--
-- Name: auth_group_permissions_group_id_b120cbf9; Type: INDEX; Schema: public; Owner: postgres
--

CREATE INDEX auth_group_permissions_group_id_b120cbf9 ON public.auth_group_permissions USING btree (group_id);


--
-- Name: auth_group_permissions_permission_id_84c5c92e; Type: INDEX; Schema: public; Owner: postgres
--

CREATE INDEX auth_group_permissions_permission_id_84c5c92e ON public.auth_group_permissions USING btree (permission_id);


--
-- Name: auth_permission_content_type_id_2f476e4b; Type: INDEX; Schema: public; Owner: postgres
--

CREATE INDEX auth_permission_content_type_id_2f476e4b ON public.auth_permission USING btree (content_type_id);


--
-- Name: auth_user_groups_group_id_97559544; Type: INDEX; Schema: public; Owner: postgres
--

CREATE INDEX auth_user_groups_group_id_97559544 ON public.auth_user_groups USING btree (group_id);


--
-- Name: auth_user_groups_user_id_6a12ed8b; Type: INDEX; Schema: public; Owner: postgres
--

CREATE INDEX auth_user_groups_user_id_6a12ed8b ON public.auth_user_groups USING btree (user_id);


--
-- Name: auth_user_user_permissions_permission_id_1fbb5f2c; Type: INDEX; Schema: public; Owner: postgres
--

CREATE INDEX auth_user_user_permissions_permission_id_1fbb5f2c ON public.auth_user_user_permissions USING btree (permission_id);


--
-- Name: auth_user_user_permissions_user_id_a95ead1b; Type: INDEX; Schema: public; Owner: postgres
--

CREATE INDEX auth_user_user_permissions_user_id_a95ead1b ON public.auth_user_user_permissions USING btree (user_id);


--
-- Name: auth_user_username_6821ab7c_like; Type: INDEX; Schema: public; Owner: postgres
--

CREATE INDEX auth_user_username_6821ab7c_like ON public.auth_user USING btree (username varchar_pattern_ops);


--
-- Name: balances_operation_customer_id_d65e2807; Type: INDEX; Schema: public; Owner: postgres
--

CREATE INDEX balances_operation_customer_id_d65e2807 ON public.balances_operation USING btree (customer_id);


--
-- Name: balances_operation_operation_type_id_cf2fc737; Type: INDEX; Schema: public; Owner: postgres
--

CREATE INDEX balances_operation_operation_type_id_cf2fc737 ON public.balances_operation USING btree (operation_type_id);


--
-- Name: balances_operation_product_id_e6270679; Type: INDEX; Schema: public; Owner: postgres
--

CREATE INDEX balances_operation_product_id_e6270679 ON public.balances_operation USING btree (product_id);


--
-- Name: django_admin_log_content_type_id_c4bce8eb; Type: INDEX; Schema: public; Owner: postgres
--

CREATE INDEX django_admin_log_content_type_id_c4bce8eb ON public.django_admin_log USING btree (content_type_id);


--
-- Name: django_admin_log_user_id_c564eba6; Type: INDEX; Schema: public; Owner: postgres
--

CREATE INDEX django_admin_log_user_id_c564eba6 ON public.django_admin_log USING btree (user_id);


--
-- Name: django_session_expire_date_a5c62663; Type: INDEX; Schema: public; Owner: postgres
--

CREATE INDEX django_session_expire_date_a5c62663 ON public.django_session USING btree (expire_date);


--
-- Name: django_session_session_key_c0390e0f_like; Type: INDEX; Schema: public; Owner: postgres
--

CREATE INDEX django_session_session_key_c0390e0f_like ON public.django_session USING btree (session_key varchar_pattern_ops);


--
-- Name: products_product_category_id_9b594869; Type: INDEX; Schema: public; Owner: postgres
--

CREATE INDEX products_product_category_id_9b594869 ON public.products_product USING btree (category_id);


--
-- Name: auth_group_permissions auth_group_permissio_permission_id_84c5c92e_fk_auth_perm; Type: FK CONSTRAINT; Schema: public; Owner: postgres
--

ALTER TABLE ONLY public.auth_group_permissions
    ADD CONSTRAINT auth_group_permissio_permission_id_84c5c92e_fk_auth_perm FOREIGN KEY (permission_id) REFERENCES public.auth_permission(id) DEFERRABLE INITIALLY DEFERRED;


--
-- Name: auth_group_permissions auth_group_permissions_group_id_b120cbf9_fk_auth_group_id; Type: FK CONSTRAINT; Schema: public; Owner: postgres
--

ALTER TABLE ONLY public.auth_group_permissions
    ADD CONSTRAINT auth_group_permissions_group_id_b120cbf9_fk_auth_group_id FOREIGN KEY (group_id) REFERENCES public.auth_group(id) DEFERRABLE INITIALLY DEFERRED;


--
-- Name: auth_permission auth_permission_content_type_id_2f476e4b_fk_django_co; Type: FK CONSTRAINT; Schema: public; Owner: postgres
--

ALTER TABLE ONLY public.auth_permission
    ADD CONSTRAINT auth_permission_content_type_id_2f476e4b_fk_django_co FOREIGN KEY (content_type_id) REFERENCES public.django_content_type(id) DEFERRABLE INITIALLY DEFERRED;


--
-- Name: auth_user_groups auth_user_groups_group_id_97559544_fk_auth_group_id; Type: FK CONSTRAINT; Schema: public; Owner: postgres
--

ALTER TABLE ONLY public.auth_user_groups
    ADD CONSTRAINT auth_user_groups_group_id_97559544_fk_auth_group_id FOREIGN KEY (group_id) REFERENCES public.auth_group(id) DEFERRABLE INITIALLY DEFERRED;


--
-- Name: auth_user_groups auth_user_groups_user_id_6a12ed8b_fk_auth_user_id; Type: FK CONSTRAINT; Schema: public; Owner: postgres
--

ALTER TABLE ONLY public.auth_user_groups
    ADD CONSTRAINT auth_user_groups_user_id_6a12ed8b_fk_auth_user_id FOREIGN KEY (user_id) REFERENCES public.auth_user(id) DEFERRABLE INITIALLY DEFERRED;


--
-- Name: auth_user_user_permissions auth_user_user_permi_permission_id_1fbb5f2c_fk_auth_perm; Type: FK CONSTRAINT; Schema: public; Owner: postgres
--

ALTER TABLE ONLY public.auth_user_user_permissions
    ADD CONSTRAINT auth_user_user_permi_permission_id_1fbb5f2c_fk_auth_perm FOREIGN KEY (permission_id) REFERENCES public.auth_permission(id) DEFERRABLE INITIALLY DEFERRED;


--
-- Name: auth_user_user_permissions auth_user_user_permissions_user_id_a95ead1b_fk_auth_user_id; Type: FK CONSTRAINT; Schema: public; Owner: postgres
--

ALTER TABLE ONLY public.auth_user_user_permissions
    ADD CONSTRAINT auth_user_user_permissions_user_id_a95ead1b_fk_auth_user_id FOREIGN KEY (user_id) REFERENCES public.auth_user(id) DEFERRABLE INITIALLY DEFERRED;


--
-- Name: balances_operation balances_operation_customer_id_d65e2807_fk_customers; Type: FK CONSTRAINT; Schema: public; Owner: postgres
--

ALTER TABLE ONLY public.balances_operation
    ADD CONSTRAINT balances_operation_customer_id_d65e2807_fk_customers FOREIGN KEY (customer_id) REFERENCES public.customers_customer(id) DEFERRABLE INITIALLY DEFERRED;


--
-- Name: balances_operation balances_operation_operation_type_id_cf2fc737_fk_catalogs_; Type: FK CONSTRAINT; Schema: public; Owner: postgres
--

ALTER TABLE ONLY public.balances_operation
    ADD CONSTRAINT balances_operation_operation_type_id_cf2fc737_fk_catalogs_ FOREIGN KEY (operation_type_id) REFERENCES public.catalogs_operationtype(id) DEFERRABLE INITIALLY DEFERRED;


--
-- Name: balances_operation balances_operation_product_id_e6270679_fk_products_product_id; Type: FK CONSTRAINT; Schema: public; Owner: postgres
--

ALTER TABLE ONLY public.balances_operation
    ADD CONSTRAINT balances_operation_product_id_e6270679_fk_products_product_id FOREIGN KEY (product_id) REFERENCES public.products_product(id) DEFERRABLE INITIALLY DEFERRED;


--
-- Name: customers_customer customers_customer_customer_id_4c877f6e_fk_auth_user_id; Type: FK CONSTRAINT; Schema: public; Owner: postgres
--

ALTER TABLE ONLY public.customers_customer
    ADD CONSTRAINT customers_customer_customer_id_4c877f6e_fk_auth_user_id FOREIGN KEY (customer_id) REFERENCES public.auth_user(id) DEFERRABLE INITIALLY DEFERRED;


--
-- Name: django_admin_log django_admin_log_content_type_id_c4bce8eb_fk_django_co; Type: FK CONSTRAINT; Schema: public; Owner: postgres
--

ALTER TABLE ONLY public.django_admin_log
    ADD CONSTRAINT django_admin_log_content_type_id_c4bce8eb_fk_django_co FOREIGN KEY (content_type_id) REFERENCES public.django_content_type(id) DEFERRABLE INITIALLY DEFERRED;


--
-- Name: django_admin_log django_admin_log_user_id_c564eba6_fk_auth_user_id; Type: FK CONSTRAINT; Schema: public; Owner: postgres
--

ALTER TABLE ONLY public.django_admin_log
    ADD CONSTRAINT django_admin_log_user_id_c564eba6_fk_auth_user_id FOREIGN KEY (user_id) REFERENCES public.auth_user(id) DEFERRABLE INITIALLY DEFERRED;


--
-- Name: products_product products_product_category_id_9b594869_fk_catalogs_category_id; Type: FK CONSTRAINT; Schema: public; Owner: postgres
--

ALTER TABLE ONLY public.products_product
    ADD CONSTRAINT products_product_category_id_9b594869_fk_catalogs_category_id FOREIGN KEY (category_id) REFERENCES public.catalogs_category(id) DEFERRABLE INITIALLY DEFERRED;


--
-- PostgreSQL database dump complete
--

